"1","Miss","Jenny","Stones","27 Rowan Avenue","Hightown","NT2 1AQ","023 9876"
"2","Mr","Andrew","Stones","52 The Willows","Lowtown","LT5 7RA","876 3527"
"4","Mr","Adrian","Matthew","The Barn","Yuleville","YV67 2WR","487 3871"
"5","Pani","Wielki","Krol","120","Palac","00 0000","00 000 0"
"6","Mr","Neil","Matthew","5 Pasture Lane","Nicetown","NT3 7RT","267 1232"
"7","Mr","Richard","Stones","34 Holly Way","Bingham","BG4 2WE","342 5982"
"8","Mrs","Anna","Stones","34 Holly Way","Bingham","BG4 2WE","342 5982"
"9","Mrs","Christine","Hickman","36 Queen Street","Histon","HT3 5EM","342 5432"
"10","Mr","Mike","Howard","86 Dysart Street","Tibsville","TB3 7FG","505 5482"
"11","Mr","Dave","Jones","54 Vale Rise","Bingham","BG3 8GD","342 8264"
"12","Mr","Richard","Neill","42 Thached way","Winersby","WB3 6GQ","505 6482"
"13","Mrs","Laura","Hendy","73 Margeritta Way","Oxbridge","OX2 3HX","821 2335"
"14","Mr","Bill","Neill","2 Beamer Street","Welltown","WT3 8GM","435 1234"
"15","Mr","David","Hudson","4  The Square","Milltown","MT2 6RT","961 4526"
"30","Mrs","Bohdan","Zydek","3 Plac slawy","Warsaw","ABC 32j","1500 100"
"31","Mr","Donald","Tramp","1 Broadway Street","New York","ABC DEFG","123 4567"
